uid,type,Is talkative,Tends to find fault with others,Does a thorough job,"Is depressed, blue","Is original, comes up with new ideas",Is reserved,Is helpful and unselfish with others,Can be somewhat careless,"Is relaxed, handles stress well.",Is curious about many different things,Is full of energy,Starts quarrels with others,Is a reliable worker,Can be tense,"Is ingenious, a deep thinker",Generates a lot of enthusiasm,Has a forgiving nature,Tends to be disorganized,Worries a lot,Has an active imagination,Tends to be quiet,Is generally trusting,Tends to be lazy,"Is emotionally stable, not easily upset",Is inventive,Has an assertive personality,Can be cold and aloof,Perseveres until the task is finished,Can be moody,"Values artistic, aesthetic experiences","Is sometimes shy, inhibited",Is considerate and kind to almost everyone,Does things efficiently,Remains calm in tense situations,Prefers work that is routine,"Is outgoing, sociable",Is sometimes rude to others,Makes plans and follows through with them,Gets nervous easily,"Likes to reflect, play with ideas",Has few artistic interests,Likes to cooperate with others,Is easily distracted,"Is sophisticated in art, music, or literature"
u00,pre,Agree a little,Neither agree nor disagree,Neither agree nor disagree,Neither agree nor disagree,Agree strongly,Agree a little,Neither agree nor disagree,Agree a little,Neither agree nor disagree,Agree strongly,Agree a little,Agree a little,Agree a little,Agree strongly,Agree strongly,Agree strongly,Agree a little,Neither agree nor disagree,Neither agree nor disagree,Agree a little,Neither agree nor disagree,Agree strongly,Neither agree nor disagree,Agree strongly,Agree strongly,Agree strongly,Agree a little,Agree strongly,Agree a little,Agree a little,Agree a little,Disagree a little,Disagree a little,Disagree a little,Disagree Strongly,Agree strongly,Agree strongly,Neither agree nor disagree,Disagree a little,Agree a little,Disagree a little,Agree a little,Agree a little,Agree a little
u01,pre,Neither agree nor disagree,Agree a little,Agree strongly,Agree strongly,Agree a little,Agree a little,Agree strongly,Disagree a little,Agree a little,Agree strongly,Agree strongly,Disagree Strongly,Agree strongly,Disagree a little,Agree a little,Neither agree nor disagree,Agree a little,Disagree a little,Neither agree nor disagree,Neither agree nor disagree,Agree a little,Agree a little,Disagree a little,Neither agree nor disagree,Agree a little,Agree strongly,Agree a little,Agree strongly,Agree a little,Disagree a little,Agree a little,Agree strongly,Agree strongly,Agree strongly,Disagree a little,Neither agree nor disagree,Disagree a little,Agree a little,Disagree a little,Agree strongly,Disagree a little,Neither agree nor disagree,Disagree a little,Agree a little
u02,pre,Disagree a little,Agree a little,Agree strongly,Disagree Strongly,Neither agree nor disagree,Agree strongly,Agree a little,Disagree a little,Neither agree nor disagree,Agree a little,Disagree a little,Agree a little,Agree strongly,Agree a little,Neither agree nor disagree,Neither agree nor disagree,Disagree a little,Disagree Strongly,Agree a little,Neither agree nor disagree,Agree strongly,Disagree a little,Disagree a little,Disagree a little,Neither agree nor disagree,Agree a little,Neither agree nor disagree,Agree a little,Agree a little,Agree strongly,Agree a little,Agree a little,Agree strongly,Disagree a little,Agree strongly,Disagree a little,Disagree a little,Agree a little,Agree a little,Agree strongly,Agree a little,Agree a little,Agree a little,Neither agree nor disagree
u03,pre,Disagree a little,Neither agree nor disagree,Agree a little,Neither agree nor disagree,Neither agree nor disagree,Agree a little,Agree a little,Disagree a little,Neither agree nor disagree,Disagree a little,Disagree a little,Disagree a little,Agree a little,Agree a little,Agree a little,Disagree a little,Disagree a little,Disagree a little,Agree a little,Neither agree nor disagree,Agree a little,Agree a little,Disagree a little,Agree a little,Neither agree nor disagree,Neither agree nor disagree,Agree a little,Agree a little,Agree a little,Disagree a little,Agree a little,Agree a little,Agree a little,Neither agree nor disagree,Agree a little,Disagree a little,Disagree a little,Neither agree nor disagree,Agree a little,Neither agree nor disagree,Neither agree nor disagree,Disagree a little,Disagree a little,Disagree a little
u04,pre,Disagree a little,Neither agree nor disagree,Neither agree nor disagree,Disagree a little,Disagree a little,Agree a little,Agree strongly,Agree a little,Disagree Strongly,Agree a little,Agree strongly,Neither agree nor disagree,Neither agree nor disagree,Agree a little,Disagree a little,Neither agree nor disagree,Disagree a little,Agree a little,Agree strongly,Neither agree nor disagree,Agree a little,Neither agree nor disagree,Agree a little,Disagree Strongly,Neither agree nor disagree,Disagree a little,Agree a little,Neither agree nor disagree,Agree a little,Agree a little,Agree strongly,Agree a little,Neither agree nor disagree,Disagree a little,Agree strongly,Disagree a little,Agree a little,Agree a little,Agree a little,Neither agree nor disagree,Disagree a little,Agree a little,Agree a little,Neither agree nor disagree
u05,pre,Agree a little,Neither agree nor disagree,Agree strongly,Disagree Strongly,Neither agree nor disagree,Agree a little,Agree strongly,Disagree Strongly,Agree a little,Agree a little,Agree a little,Disagree Strongly,Agree strongly,Agree a little,Neither agree nor disagree,Agree a little,Agree a little,Disagree Strongly,Neither agree nor disagree,Neither agree nor disagree,Agree a little,Neither agree nor disagree,Disagree a little,Agree a little,Neither agree nor disagree,Neither agree nor disagree,Neither agree nor disagree,Agree a little,Agree a little,Agree a little,Agree a little,Agree a little,Agree a little,Agree a little,Disagree a little,Agree a little,Neither agree nor disagree,Agree strongly,Agree a little,Agree a little,Neither agree nor disagree,Agree a little,Neither agree nor disagree,Disagree a little
u08,pre,Agree a little,Agree a little,Agree strongly,Neither agree nor disagree,Agree a little,Agree a little,Agree strongly,Agree a little,Agree a little,Agree strongly,Agree a little,Disagree a little,Agree strongly,Agree a little,Agree strongly,Disagree a little,Agree a little,Disagree a little,Agree strongly,Agree a little,Agree strongly,Neither agree nor disagree,Disagree a little,Agree a little,Disagree a little,Neither agree nor disagree,Neither agree nor disagree,Agree a little,Agree a little,Disagree a little,Agree strongly,Agree a little,Agree strongly,Agree a little,Disagree a little,Agree a little,Disagree Strongly,Agree strongly,Agree a little,Agree a little,Agree a little,Agree a little,Disagree a little,Disagree Strongly
u09,pre,Disagree a little,Disagree Strongly,Agree a little,Disagree Strongly,Agree a little,Agree strongly,Agree a little,Agree a little,Agree a little,Agree a little,Agree a little,Disagree Strongly,Agree a little,Disagree a little,Agree strongly,Neither agree nor disagree,Agree strongly,Agree a little,Disagree a little,Neither agree nor disagree,Agree a little,Agree strongly,Neither agree nor disagree,Agree a little,Agree a little,Disagree a little,Disagree Strongly,Neither agree nor disagree,Disagree a little,Neither agree nor disagree,Agree a little,Agree a little,Neither agree nor disagree,Agree a little,Agree strongly,Neither agree nor disagree,Disagree a little,Disagree Strongly,Agree a little,Agree a little,Neither agree nor disagree,Agree a little,Agree a little,Disagree a little
u10,pre,Disagree Strongly,Agree strongly,Agree strongly,Neither agree nor disagree,Agree a little,Agree strongly,Disagree a little,Disagree Strongly,Agree a little,Agree a little,Neither agree nor disagree,Agree a little,Agree strongly,Neither agree nor disagree,Agree strongly,Neither agree nor disagree,Disagree Strongly,Disagree a little,Agree strongly,Agree a little,Agree strongly,Disagree a little,Disagree Strongly,Neither agree nor disagree,Agree a little,Agree a little,Agree strongly,Agree strongly,Agree strongly,Disagree Strongly,Agree a little,Disagree Strongly,Agree strongly,Agree a little,Agree a little,Disagree Strongly,Agree strongly,Agree strongly,Agree a little,Agree a little,Disagree Strongly,Disagree Strongly,Disagree a little,Neither agree nor disagree
u12,pre,Disagree Strongly,Disagree a little,Agree a little,Disagree a little,Agree a little,Agree a little,Neither agree nor disagree,Neither agree nor disagree,Agree a little,Agree a little,Neither agree nor disagree,Disagree a little,Agree a little,Agree a little,Neither agree nor disagree,Agree a little,Neither agree nor disagree,Agree a little,Agree strongly,Agree a little,Neither agree nor disagree,Agree a little,Disagree a little,Neither agree nor disagree,Agree a little,Agree a little,Neither agree nor disagree,Agree a little,Neither agree nor disagree,Disagree a little,Agree a little,Agree a little,Agree a little,Agree a little,Disagree Strongly,Agree a little,Disagree a little,Agree a little,Disagree a little,Agree a little,Agree a little,Neither agree nor disagree,Disagree a little,Disagree a little
u13,pre,Agree a little,Agree a little,Disagree a little,Disagree a little,Agree strongly,Disagree Strongly,Agree a little,Agree strongly,Disagree Strongly,Agree strongly,Neither agree nor disagree,Agree a little,Neither agree nor disagree,Agree a little,Agree strongly,Agree strongly,Agree strongly,Agree strongly,Disagree a little,Agree strongly,Agree strongly,Agree strongly,Neither agree nor disagree,Neither agree nor disagree,Agree strongly,Agree a little,Disagree a little,Agree a little,Agree strongly,Agree strongly,Agree strongly,Agree a little,Neither agree nor disagree,Neither agree nor disagree,Disagree a little,Agree a little,Agree a little,Neither agree nor disagree,Neither agree nor disagree,Agree a little,Agree strongly,Agree a little,Agree a little,Agree a little
u15,pre,Agree a little,Disagree a little,Agree a little,Disagree Strongly,Agree a little,Neither agree nor disagree,Agree a little,Agree a little,Neither agree nor disagree,Agree a little,Neither agree nor disagree,Disagree Strongly,Agree a little,Agree a little,Neither agree nor disagree,Neither agree nor disagree,Agree a little,Agree a little,Neither agree nor disagree,Neither agree nor disagree,Neither agree nor disagree,Neither agree nor disagree,Agree a little,Agree a little,Neither agree nor disagree,Neither agree nor disagree,Disagree a little,Agree a little,Agree a little,Neither agree nor disagree,Neither agree nor disagree,Neither agree nor disagree,Agree a little,Agree a little,Agree a little,Agree a little,Agree a little,Neither agree nor disagree,Neither agree nor disagree,Neither agree nor disagree,Neither agree nor disagree,Neither agree nor disagree,Neither agree nor disagree,Disagree a little
u16,pre,Disagree Strongly,Agree a little,Agree strongly,Agree a little,Agree a little,Agree strongly,Neither agree nor disagree,Neither agree nor disagree,Disagree a little,Agree strongly,Neither agree nor disagree,Disagree Strongly,Agree strongly,Agree strongly,Neither agree nor disagree,Neither agree nor disagree,Agree a little,Neither agree nor disagree,Agree strongly,Agree strongly,Agree strongly,Neither agree nor disagree,Neither agree nor disagree,Disagree a little,Neither agree nor disagree,Disagree Strongly,Agree a little,Agree strongly,Agree a little,Agree a little,Agree strongly,Neither agree nor disagree,Neither agree nor disagree,Neither agree nor disagree,Agree a little,Neither agree nor disagree,Disagree a little,Neither agree nor disagree,Agree strongly,Agree strongly,Disagree Strongly,Agree a little,Agree a little,Disagree a little
u17,pre,Agree strongly,Agree strongly,Agree strongly,Agree a little,Agree strongly,Agree strongly,Agree strongly,Agree strongly,Disagree a little,Agree strongly,Neither agree nor disagree,Agree a little,Agree strongly,Agree a little,Agree a little,Neither agree nor disagree,Agree strongly,Agree a little,Agree strongly,Agree strongly,Agree strongly,Agree strongly,Neither agree nor disagree,Agree a little,Agree strongly,Agree a little,Neither agree nor disagree,Agree strongly,Agree a little,Agree strongly,Agree strongly,Agree strongly,Neither agree nor disagree,Agree strongly,Agree strongly,Neither agree nor disagree,Disagree a little,Neither agree nor disagree,Disagree Strongly,Agree strongly,Disagree Strongly,Agree strongly,Neither agree nor disagree,Agree strongly
u18,pre,Disagree a little,Agree a little,Neither agree nor disagree,Agree strongly,Neither agree nor disagree,Agree a little,Neither agree nor disagree,Agree a little,Disagree a little,Neither agree nor disagree,Neither agree nor disagree,Agree a little,Agree a little,Agree a little,Neither agree nor disagree,Disagree a little,Disagree a little,Disagree a little,Neither agree nor disagree,Neither agree nor disagree,Neither agree nor disagree,Disagree Strongly,Disagree a little,Disagree a little,Disagree a little,Neither agree nor disagree,Agree a little,Neither agree nor disagree,Agree a little,Disagree a little,Neither agree nor disagree,Disagree a little,Neither agree nor disagree,Neither agree nor disagree,Agree a little,Neither agree nor disagree,Neither agree nor disagree,Agree a little,Neither agree nor disagree,Agree a little,Agree a little,Neither agree nor disagree,Agree a little,Disagree Strongly
u19,pre,Disagree Strongly,Neither agree nor disagree,Agree a little,Neither agree nor disagree,Agree a little,Agree strongly,Neither agree nor disagree,Agree a little,Neither agree nor disagree,Neither agree nor disagree,Neither agree nor disagree,Disagree a little,Agree a little,Agree a little,Agree a little,Neither agree nor disagree,Neither agree nor disagree,Neither agree nor disagree,Agree strongly,Neither agree nor disagree,Agree strongly,Disagree a little,Neither agree nor disagree,Neither agree nor disagree,Neither agree nor disagree,Disagree a little,Agree a little,Agree a little,Agree a little,Neither agree nor disagree,Agree strongly,Agree a little,Agree a little,Neither agree nor disagree,Agree a little,Disagree a little,Neither agree nor disagree,Agree a little,Agree a little,Agree a little,Neither agree nor disagree,Agree a little,Neither agree nor disagree,Neither agree nor disagree
u20,pre,Agree strongly,Disagree a little,Agree a little,Disagree a little,Agree strongly,Disagree a little,Agree strongly,Disagree a little,Neither agree nor disagree,Neither agree nor disagree,Neither agree nor disagree,Disagree a little,Agree a little,Neither agree nor disagree,Agree a little,Agree a little,Agree strongly,Neither agree nor disagree,Disagree a little,Agree strongly,Neither agree nor disagree,Agree strongly,Neither agree nor disagree,Agree a little,Agree a little,Agree a little,Disagree a little,Neither agree nor disagree,Disagree a little,Agree strongly,Neither agree nor disagree,Agree a little,Neither agree nor disagree,Agree a little,Agree strongly,Agree strongly,Disagree a little,Neither agree nor disagree,Neither agree nor disagree,Agree a little,Agree strongly,Agree a little,Neither agree nor disagree,Agree a little
u22,pre,Neither agree nor disagree,Disagree a little,Agree strongly,Disagree a little,Agree strongly,Neither agree nor disagree,Neither agree nor disagree,Agree a little,Neither agree nor disagree,Agree strongly,Agree strongly,Disagree Strongly,Agree strongly,Agree a little,Agree strongly,Agree strongly,Disagree a little,Disagree Strongly,Disagree a little,Agree a little,Neither agree nor disagree,Agree a little,Disagree Strongly,Neither agree nor disagree,Agree strongly,Agree a little,Neither agree nor disagree,Agree strongly,Neither agree nor disagree,Disagree a little,Agree a little,Agree a little,Agree strongly,Disagree a little,Disagree a little,Agree a little,Agree a little,Agree strongly,Disagree a little,Agree a little,Agree a little,Agree a little,Disagree a little,Disagree a little
u24,pre,Neither agree nor disagree,Agree a little,Disagree a little,Neither agree nor disagree,Agree a little,Neither agree nor disagree,Agree a little,Agree a little,Neither agree nor disagree,Agree a little,Agree a little,Agree a little,Disagree a little,Disagree a little,Agree a little,Neither agree nor disagree,Neither agree nor disagree,Agree a little,Agree a little,Agree a little,Disagree a little,Disagree a little,Agree a little,Disagree a little,Agree a little,Agree strongly,Neither agree nor disagree,Disagree a little,Disagree a little,Agree a little,Agree a little,Disagree a little,Agree strongly,Neither agree nor disagree,Disagree a little,Agree a little,Agree a little,Disagree a little,Agree a little,Neither agree nor disagree,Agree a little,Agree a little,Agree a little,Disagree a little
u27,pre,Neither agree nor disagree,Disagree a little,Neither agree nor disagree,Neither agree nor disagree,Neither agree nor disagree,Agree a little,Agree a little,Agree a little,Neither agree nor disagree,Agree a little,Neither agree nor disagree,Disagree Strongly,Agree a little,Neither agree nor disagree,Neither agree nor disagree,Neither agree nor disagree,Agree a little,Agree a little,Neither agree nor disagree,Neither agree nor disagree,Agree a little,Agree a little,Neither agree nor disagree,Neither agree nor disagree,Neither agree nor disagree,Disagree a little,Agree a little,Neither agree nor disagree,Neither agree nor disagree,Agree strongly,Agree a little,Agree a little,Disagree a little,Neither agree nor disagree,Agree a little,Neither agree nor disagree,Disagree a little,Neither agree nor disagree,Agree a little,Agree a little,Agree a little,Agree a little,Agree a little,Agree a little
u30,pre,Agree strongly,Disagree a little,Agree strongly,Disagree Strongly,Agree a little,Disagree a little,Agree a little,Disagree a little,Disagree a little,Agree a little,Agree a little,Disagree Strongly,Agree strongly,Disagree a little,Agree a little,Agree strongly,Agree a little,Disagree a little,Neither agree nor disagree,Neither agree nor disagree,Disagree a little,Agree a little,Disagree Strongly,Agree a little,Agree a little,Agree strongly,Disagree a little,Agree strongly,Disagree a little,Neither agree nor disagree,Disagree a little,Agree a little,Agree a little,Agree strongly,Neither agree nor disagree,Agree strongly,Disagree a little,Agree a little,Disagree Strongly,Agree a little,Neither agree nor disagree,Agree a little,Disagree a little,Agree a little
u31,pre,Agree strongly,Agree a little,Agree a little,Neither agree nor disagree,Neither agree nor disagree,Disagree Strongly,Agree a little,Agree a little,Neither agree nor disagree,Agree strongly,Agree a little,Agree a little,Agree a little,Neither agree nor disagree,Disagree Strongly,Disagree a little,Agree strongly,Agree a little,Agree a little,Agree a little,Disagree Strongly,Agree strongly,Agree a little,Agree a little,Agree a little,Neither agree nor disagree,Disagree a little,Neither agree nor disagree,Agree a little,Agree strongly,Disagree Strongly,Agree strongly,Neither agree nor disagree,Disagree a little,Disagree Strongly,Agree strongly,Disagree a little,Neither agree nor disagree,Disagree a little,Agree a little,Agree strongly,Agree a little,Neither agree nor disagree,Agree strongly
u32,pre,Agree strongly,Agree a little,Agree strongly,Disagree Strongly,Agree a little,Neither agree nor disagree,Agree a little,Disagree Strongly,Agree strongly,Agree strongly,Agree strongly,Disagree Strongly,Agree a little,Disagree a little,Agree a little,Agree strongly,Agree strongly,Disagree a little,Neither agree nor disagree,Agree a little,Disagree a little,Agree a little,Neither agree nor disagree,Agree strongly,Agree a little,Agree a little,Disagree Strongly,Agree strongly,Disagree a little,Agree a little,Neither agree nor disagree,Agree a little,Agree strongly,Agree a little,Disagree a little,Agree strongly,Disagree a little,Agree strongly,Disagree a little,Agree a little,Agree a little,Agree strongly,Neither agree nor disagree,Disagree a little
u33,pre,Agree a little,Neither agree nor disagree,Neither agree nor disagree,Agree a little,Agree strongly,Neither agree nor disagree,Agree a little,Agree a little,Disagree Strongly,Agree a little,Neither agree nor disagree,Disagree a little,Disagree a little,Agree a little,Agree a little,Neither agree nor disagree,Neither agree nor disagree,Agree strongly,Agree a little,Agree strongly,Neither agree nor disagree,Agree a little,Agree strongly,Neither agree nor disagree,Agree strongly,Disagree Strongly,Agree a little,Neither agree nor disagree,Agree a little,Agree a little,Agree a little,Agree a little,Neither agree nor disagree,Agree a little,Disagree a little,Agree a little,Disagree a little,Disagree Strongly,Neither agree nor disagree,Agree strongly,Disagree Strongly,Disagree a little,Agree strongly,Agree strongly
u34,pre,Agree a little,Neither agree nor disagree,Neither agree nor disagree,Disagree Strongly,Neither agree nor disagree,Disagree a little,Agree strongly,Agree a little,Agree a little,Agree a little,Agree a little,Disagree a little,Agree a little,Agree a little,Neither agree nor disagree,Neither agree nor disagree,Agree strongly,Neither agree nor disagree,Neither agree nor disagree,Agree a little,Agree a little,Agree a little,Agree a little,Agree strongly,Neither agree nor disagree,Neither agree nor disagree,Disagree a little,Agree a little,Agree a little,Neither agree nor disagree,Agree a little,Agree strongly,Neither agree nor disagree,Disagree a little,Neither agree nor disagree,Agree a little,Disagree Strongly,Neither agree nor disagree,Agree a little,Neither agree nor disagree,Disagree a little,Agree a little,Disagree a little,Neither agree nor disagree
u35,pre,Neither agree nor disagree,Disagree a little,Agree a little,Disagree a little,Agree a little,Neither agree nor disagree,Agree a little,Disagree a little,Agree a little,Agree a little,Agree a little,Disagree a little,Agree a little,Neither agree nor disagree,Neither agree nor disagree,Neither agree nor disagree,Agree a little,Disagree a little,Disagree a little,Agree a little,Agree a little,Agree a little,Neither agree nor disagree,Disagree a little,Neither agree nor disagree,Disagree a little,Neither agree nor disagree,Neither agree nor disagree,Disagree a little,Disagree a little,Agree a little,Agree a little,Neither agree nor disagree,Neither agree nor disagree,Disagree a little,Disagree a little,Disagree a little,Agree a little,Neither agree nor disagree,Agree a little,Disagree a little,Agree a little,Neither agree nor disagree,Disagree a little
u36,pre,Agree a little,Disagree a little,Agree a little,Disagree Strongly,Agree a little,Neither agree nor disagree,Agree a little,Neither agree nor disagree,Agree a little,Agree a little,Agree a little,Disagree Strongly,Agree a little,Neither agree nor disagree,Agree a little,Agree a little,Agree a little,Disagree a little,Disagree Strongly,Agree a little,Neither agree nor disagree,Agree a little,Disagree a little,Agree strongly,Agree a little,Neither agree nor disagree,Disagree Strongly,Agree a little,Disagree a little,Neither agree nor disagree,Neither agree nor disagree,Agree a little,Neither agree nor disagree,Neither agree nor disagree,Agree a little,Agree a little,Neither agree nor disagree,Agree a little,Disagree Strongly,Agree a little,Neither agree nor disagree,Agree a little,Disagree a little,Neither agree nor disagree
u39,pre,Neither agree nor disagree,Neither agree nor disagree,Agree a little,Disagree a little,Neither agree nor disagree,Disagree a little,Neither agree nor disagree,Agree a little,Agree a little,Agree a little,Neither agree nor disagree,Neither agree nor disagree,Agree a little,Agree a little,Agree a little,Agree a little,Neither agree nor disagree,Agree a little,Neither agree nor disagree,Agree a little,Neither agree nor disagree,Agree a little,Agree a little,Agree a little,Agree a little,Agree a little,Disagree a little,Neither agree nor disagree,Agree a little,Agree a little,Neither agree nor disagree,Agree a little,Agree a little,Neither agree nor disagree,Agree a little,Neither agree nor disagree,Agree a little,Agree a little,Agree a little,Agree a little,Neither agree nor disagree,Agree a little,Neither agree nor disagree,Neither agree nor disagree
u42,pre,Agree a little,Disagree Strongly,Neither agree nor disagree,Neither agree nor disagree,Agree a little,Agree a little,Agree a little,Agree a little,Agree a little,Agree strongly,Agree a little,Disagree Strongly,Neither agree nor disagree,Disagree a little,Agree a little,Agree a little,Agree strongly,Agree a little,Neither agree nor disagree,Agree a little,Neither agree nor disagree,Agree a little,Agree a little,Neither agree nor disagree,Agree a little,Disagree a little,Neither agree nor disagree,Disagree a little,Neither agree nor disagree,Agree a little,Neither agree nor disagree,Agree a little,Agree a little,Agree a little,Neither agree nor disagree,Neither agree nor disagree,Disagree a little,Disagree a little,Disagree a little,Agree a little,Disagree a little,Agree a little,Agree a little,Neither agree nor disagree
u43,pre,Disagree a little,Disagree a little,Agree strongly,Disagree a little,Agree a little,Agree strongly,Agree a little,Agree a little,Agree a little,Agree a little,Agree a little,Disagree Strongly,Agree strongly,Agree a little,Agree a little,Agree a little,Agree strongly,Disagree a little,Disagree a little,Neither agree nor disagree,Agree a little,Neither agree nor disagree,Disagree Strongly,Agree a little,Agree a little,Disagree a little,Disagree a little,Agree strongly,Neither agree nor disagree,Neither agree nor disagree,Agree a little,Agree a little,Neither agree nor disagree,Agree strongly,Neither agree nor disagree,Disagree a little,Disagree a little,Agree strongly,Agree a little,Agree a little,Agree a little,Agree a little,Disagree a little,Disagree a little
u44,pre,Neither agree nor disagree,Neither agree nor disagree,Agree a little,Disagree Strongly,Agree a little,Neither agree nor disagree,Agree a little,Agree a little,Agree a little,Agree strongly,Agree a little,Disagree a little,Agree a little,Agree a little,Agree a little,Agree a little,Agree strongly,Disagree Strongly,Disagree Strongly,Agree a little,Agree a little,Agree a little,Disagree a little,Agree a little,Agree a little,Neither agree nor disagree,Neither agree nor disagree,Agree strongly,Disagree a little,Agree a little,Disagree a little,Agree a little,Agree a little,Neither agree nor disagree,Agree a little,Agree a little,Agree a little,Agree a little,Neither agree nor disagree,Agree a little,Disagree a little,Agree a little,Agree a little,Disagree Strongly
u45,pre,Agree a little,Neither agree nor disagree,Neither agree nor disagree,Disagree a little,Agree a little,Disagree a little,Neither agree nor disagree,Disagree a little,Disagree Strongly,Neither agree nor disagree,Neither agree nor disagree,Disagree Strongly,Agree a little,Neither agree nor disagree,Neither agree nor disagree,Agree a little,Neither agree nor disagree,Disagree Strongly,Agree a little,Agree a little,Neither agree nor disagree,Agree strongly,Agree strongly,Disagree a little,Neither agree nor disagree,Neither agree nor disagree,Agree a little,Agree a little,Neither agree nor disagree,Agree strongly,Disagree Strongly,Neither agree nor disagree,Neither agree nor disagree,Agree a little,Neither agree nor disagree,Agree a little,Disagree Strongly,Neither agree nor disagree,Disagree a little,Neither agree nor disagree,Disagree Strongly,Agree a little,Disagree a little,Agree a little
u46,pre,Agree a little,Agree strongly,Agree strongly,Disagree a little,Agree a little,Agree a little,Agree strongly,Neither agree nor disagree,Disagree a little,Agree strongly,Neither agree nor disagree,Agree a little,Agree a little,Neither agree nor disagree,Agree a little,Disagree a little,Disagree a little,Neither agree nor disagree,Agree a little,Agree strongly,Disagree a little,Agree a little,Neither agree nor disagree,Neither agree nor disagree,Agree a little,Neither agree nor disagree,Neither agree nor disagree,Agree strongly,Agree a little,Agree strongly,Neither agree nor disagree,Agree a little,Agree a little,Disagree a little,Disagree a little,Agree a little,Neither agree nor disagree,Neither agree nor disagree,Agree a little,Agree a little,Disagree a little,Agree a little,Agree a little,Neither agree nor disagree
u47,pre,Agree strongly,Neither agree nor disagree,Agree a little,Disagree a little,Agree strongly,Disagree a little,Agree a little,Agree a little,Agree strongly,Agree strongly,Agree strongly,Neither agree nor disagree,Agree a little,Neither agree nor disagree,Neither agree nor disagree,Agree strongly,Disagree a little,Disagree a little,Disagree a little,Agree a little,Disagree a little,Agree a little,Neither agree nor disagree,Agree a little,Agree strongly,Agree strongly,Agree strongly,Agree a little,Neither agree nor disagree,Agree a little,Agree a little,Agree a little,Agree strongly,Agree strongly,Neither agree nor disagree,Agree strongly,Disagree a little,Disagree a little,Disagree a little,Neither agree nor disagree,Neither agree nor disagree,Agree a little,Neither agree nor disagree,Neither agree nor disagree
u49,pre,Agree a little,Disagree a little,Agree strongly,Disagree Strongly,Agree a little,Agree strongly,Agree a little,Agree a little,Agree strongly,Agree strongly,Agree a little,Disagree Strongly,Agree strongly,Agree a little,Agree strongly,Agree a little,Agree strongly,Agree a little,Neither agree nor disagree,Agree strongly,Agree a little,Agree strongly,Neither agree nor disagree,Agree a little,Agree a little,Disagree a little,Neither agree nor disagree,Agree a little,Agree a little,Agree strongly,Agree a little,Agree strongly,Agree a little,Agree a little,Neither agree nor disagree,Agree a little,Neither agree nor disagree,Agree a little,Neither agree nor disagree,Agree strongly,Agree a little,Agree a little,Disagree a little,Agree strongly
u50,pre,Agree strongly,Neither agree nor disagree,Agree a little,Disagree a little,Agree a little,Neither agree nor disagree,Agree a little,Neither agree nor disagree,Agree a little,Agree a little,Agree a little,Neither agree nor disagree,Agree a little,Neither agree nor disagree,Agree a little,Agree a little,Agree a little,Disagree a little,Disagree a little,Neither agree nor disagree,Neither agree nor disagree,Agree a little,Neither agree nor disagree,Agree a little,Neither agree nor disagree,Agree a little,Agree a little,Agree a little,Agree a little,Agree a little,Neither agree nor disagree,Neither agree nor disagree,Agree a little,Agree a little,Neither agree nor disagree,Agree strongly,Neither agree nor disagree,Agree a little,Neither agree nor disagree,Agree a little,Neither agree nor disagree,Agree a little,Agree a little,Neither agree nor disagree
u51,pre,Neither agree nor disagree,Neither agree nor disagree,Agree a little,Disagree a little,Agree a little,Disagree a little,Agree a little,Neither agree nor disagree,Neither agree nor disagree,Agree a little,Agree a little,Disagree a little,Agree a little,Neither agree nor disagree,Agree a little,Neither agree nor disagree,Neither agree nor disagree,Disagree a little,Agree a little,Agree a little,Agree a little,Agree a little,Neither agree nor disagree,Agree a little,Agree a little,Agree a little,Disagree a little,Agree a little,Neither agree nor disagree,Agree a little,Neither agree nor disagree,Agree a little,Agree a little,Neither agree nor disagree,Disagree a little,Agree a little,Disagree a little,Agree a little,Disagree a little,Agree a little,Disagree a little,Agree a little,Disagree a little,Agree a little
u52,pre,Disagree Strongly,Agree a little,Neither agree nor disagree,Agree a little,Agree a little,Agree strongly,Disagree Strongly,Neither agree nor disagree,Disagree a little,Agree strongly,Neither agree nor disagree,Disagree Strongly,Disagree a little,Neither agree nor disagree,Agree a little,Agree a little,Agree strongly,Neither agree nor disagree,Agree a little,Agree strongly,Agree strongly,Neither agree nor disagree,Agree strongly,Disagree Strongly,Neither agree nor disagree,Disagree Strongly,Agree a little,Neither agree nor disagree,Agree strongly,Disagree a little,Agree strongly,Agree a little,Disagree a little,Neither agree nor disagree,Disagree a little,Disagree Strongly,Disagree a little,Disagree a little,Agree strongly,Agree strongly,Agree a little,Agree a little,Agree strongly,Disagree Strongly
u53,pre,Agree a little,Neither agree nor disagree,Agree strongly,Neither agree nor disagree,Agree strongly,Agree strongly,Agree a little,Agree strongly,Disagree a little,Agree a little,Disagree a little,Disagree Strongly,Agree strongly,Agree strongly,Neither agree nor disagree,Disagree a little,Agree strongly,Agree strongly,Agree strongly,Agree a little,Agree a little,Agree a little,Neither agree nor disagree,Disagree a little,Agree a little,Neither agree nor disagree,Agree a little,Agree strongly,Agree strongly,Agree strongly,Agree strongly,Agree strongly,Neither agree nor disagree,Disagree Strongly,Disagree a little,Neither agree nor disagree,Disagree a little,Disagree a little,Agree strongly,Agree strongly,Disagree Strongly,Agree a little,Agree strongly,Agree strongly
u56,pre,Disagree a little,Disagree Strongly,Agree a little,Disagree Strongly,Agree strongly,Agree strongly,Agree a little,Neither agree nor disagree,Agree a little,Agree strongly,Disagree a little,Disagree Strongly,Agree a little,Neither agree nor disagree,Agree a little,Disagree a little,Agree a little,Agree strongly,Disagree a little,Neither agree nor disagree,Agree strongly,Agree a little,Neither agree nor disagree,Agree strongly,Agree a little,Disagree a little,Neither agree nor disagree,Agree a little,Neither agree nor disagree,Agree a little,Agree strongly,Agree a little,Agree a little,Agree a little,Disagree Strongly,Disagree a little,Disagree a little,Neither agree nor disagree,Disagree a little,Agree a little,Disagree a little,Agree a little,Disagree a little,Neither agree nor disagree
u57,pre,Disagree Strongly,Disagree a little,Agree a little,Disagree a little,Neither agree nor disagree,Agree a little,Agree a little,Neither agree nor disagree,Agree a little,Agree a little,Agree a little,Disagree a little,Agree strongly,Agree a little,Disagree a little,Neither agree nor disagree,Agree strongly,Agree a little,Disagree a little,Neither agree nor disagree,Agree a little,Agree a little,Neither agree nor disagree,Agree strongly,Disagree a little,Disagree Strongly,Agree a little,Neither agree nor disagree,Disagree a little,Agree a little,Agree a little,Agree strongly,Neither agree nor disagree,Agree a little,Agree a little,Disagree a little,Disagree Strongly,Neither agree nor disagree,Disagree a little,Disagree a little,Neither agree nor disagree,Neither agree nor disagree,Neither agree nor disagree,Disagree a little
u58,pre,Disagree Strongly,Neither agree nor disagree,Disagree a little,Neither agree nor disagree,Agree a little,Agree strongly,Agree strongly,Neither agree nor disagree,Disagree a little,Agree a little,Neither agree nor disagree,Disagree Strongly,Agree strongly,Agree a little,Neither agree nor disagree,Agree a little,Agree strongly,Disagree Strongly,Agree a little,Neither agree nor disagree,Agree strongly,Agree a little,Agree strongly,Neither agree nor disagree,Disagree a little,Agree strongly,Neither agree nor disagree,Agree a little,Agree a little,Agree strongly,Agree strongly,Agree strongly,Agree strongly,Disagree a little,Agree strongly,Disagree Strongly,Disagree Strongly,Agree strongly,Agree strongly,Agree strongly,Disagree a little,Agree a little,Agree a little,Agree strongly
u59,pre,Agree strongly,Disagree a little,Neither agree nor disagree,Neither agree nor disagree,Neither agree nor disagree,Neither agree nor disagree,Agree a little,Agree a little,Agree a little,Agree strongly,Agree strongly,Disagree Strongly,Agree a little,Neither agree nor disagree,Neither agree nor disagree,Agree strongly,Agree a little,Agree a little,Agree a little,Neither agree nor disagree,Neither agree nor disagree,Agree strongly,Agree strongly,Agree strongly,Neither agree nor disagree,Agree a little,Disagree a little,Disagree a little,Agree a little,Agree a little,Agree a little,Agree strongly,Agree a little,Agree strongly,Agree a little,Agree strongly,Disagree a little,Agree a little,Agree strongly,Agree strongly,Disagree a little,Disagree a little,Agree strongly,Neither agree nor disagree
u00,post,Agree a little,Neither agree nor disagree,Neither agree nor disagree,Neither agree nor disagree,Agree strongly,Agree a little,Agree a little,Agree a little,Agree a little,Agree strongly,Agree a little,Neither agree nor disagree,Agree strongly,Agree a little,Agree a little,Agree a little,Agree a little,Agree strongly,Agree a little,Agree strongly,Neither agree nor disagree,Agree strongly,Disagree a little,Neither agree nor disagree,Agree strongly,Agree strongly,Neither agree nor disagree,Agree a little,Agree a little,Agree strongly,Agree a little,Agree a little,Disagree a little,Neither agree nor disagree,Disagree a little,Agree a little,Agree a little,Neither agree nor disagree,Disagree Strongly,Agree strongly,Disagree a little,Agree a little,Agree a little,Agree a little
u01,post,Agree a little,Agree a little,Agree strongly,Agree strongly,Agree a little,Agree strongly,Agree strongly,Disagree a little,Agree a little,Agree strongly,Agree a little,Disagree Strongly,Agree strongly,Neither agree nor disagree,Agree strongly,Agree a little,Agree a little,Disagree a little,Neither agree nor disagree,Agree a little,Agree strongly,Agree a little,Neither agree nor disagree,Neither agree nor disagree,Neither agree nor disagree,Agree strongly,Agree a little,Agree strongly,Agree a little,Disagree a little,Agree a little,Agree strongly,Agree strongly,Agree strongly,Neither agree nor disagree,Neither agree nor disagree,Disagree a little,Agree a little,Disagree a little,Agree a little,Neither agree nor disagree,Neither agree nor disagree,Neither agree nor disagree,Agree a little
u02,post,Disagree Strongly,Agree a little,Agree a little,Disagree a little,Agree a little,Agree strongly,Agree a little,Disagree a little,Disagree a little,Agree a little,Disagree a little,Agree a little,Agree strongly,Agree a little,Disagree a little,Disagree Strongly,Neither agree nor disagree,Disagree a little,Agree a little,Disagree a little,Agree strongly,Agree strongly,Neither agree nor disagree,Agree a little,Agree a little,Agree strongly,Agree strongly,Agree a little,Neither agree nor disagree,Agree a little,Agree a little,Neither agree nor disagree,Agree strongly,Neither agree nor disagree,Agree strongly,Disagree a little,Neither agree nor disagree,Agree a little,Agree a little,Neither agree nor disagree,Neither agree nor disagree,Agree a little,Agree a little,Neither agree nor disagree
u03,post,Disagree Strongly,Agree a little,Agree a little,Agree a little,Agree a little,Neither agree nor disagree,Neither agree nor disagree,Disagree a little,Neither agree nor disagree,Neither agree nor disagree,Neither agree nor disagree,Disagree Strongly,Neither agree nor disagree,Disagree a little,Agree a little,Neither agree nor disagree,Disagree a little,Disagree a little,Agree a little,Agree a little,Agree a little,Agree a little,Disagree a little,Neither agree nor disagree,Neither agree nor disagree,Neither agree nor disagree,Agree a little,Agree a little,Disagree a little,Disagree a little,Neither agree nor disagree,Disagree a little,Agree a little,Agree a little,Agree a little,Disagree Strongly,Disagree a little,Agree a little,Agree a little,Disagree Strongly,Neither agree nor disagree,Disagree a little,Disagree a little,Disagree Strongly
u04,post,Agree a little,Agree a little,Agree a little,Neither agree nor disagree,Neither agree nor disagree,Agree a little,Agree a little,Agree a little,Disagree Strongly,Neither agree nor disagree,Agree a little,Disagree a little,Neither agree nor disagree,Agree strongly,Disagree a little,Agree a little,Disagree Strongly,Agree a little,Agree strongly,Agree a little,Agree a little,Disagree a little,Disagree a little,Disagree Strongly,Neither agree nor disagree,Disagree a little,Disagree a little,Neither agree nor disagree,Agree a little,Agree a little,Agree a little,Agree a little,Disagree a little,Disagree Strongly,Agree strongly,Disagree a little,Agree a little,Neither agree nor disagree,Agree strongly,Agree a little,Neither agree nor disagree,Agree a little,Agree strongly,Agree a little
u05,post,Neither agree nor disagree,Neither agree nor disagree,Agree strongly,Disagree Strongly,Neither agree nor disagree,Agree a little,Agree a little,Disagree Strongly,Agree a little,Agree strongly,Agree a little,Disagree Strongly,Agree strongly,Neither agree nor disagree,Neither agree nor disagree,Neither agree nor disagree,Agree a little,Disagree a little,Neither agree nor disagree,Neither agree nor disagree,Agree a little,Neither agree nor disagree,Neither agree nor disagree,Agree a little,Agree a little,Agree a little,Disagree a little,Agree a little,Neither agree nor disagree,Neither agree nor disagree,Neither agree nor disagree,Agree a little,Agree a little,Agree a little,Disagree a little,Neither agree nor disagree,Disagree a little,Agree strongly,Neither agree nor disagree,Neither agree nor disagree,Disagree a little,Neither agree nor disagree,Neither agree nor disagree,Disagree a little
u07,post,Neither agree nor disagree,Disagree Strongly,Agree a little,Neither agree nor disagree,Disagree a little,Neither agree nor disagree,Agree a little,Agree a little,Agree a little,Disagree a little,Disagree a little,Disagree a little,Agree a little,Agree a little,Agree a little,Neither agree nor disagree,Agree strongly,Disagree a little,Neither agree nor disagree,Disagree a little,Neither agree nor disagree,Agree strongly,Neither agree nor disagree,Disagree a little,Agree a little,Agree strongly,Disagree a little,Neither agree nor disagree,Neither agree nor disagree,Disagree a little,Disagree a little,Agree a little,Neither agree nor disagree,Agree a little,Agree a little,Neither agree nor disagree,Disagree a little,Neither agree nor disagree,Disagree a little,Neither agree nor disagree,Disagree a little,Disagree a little,Agree a little,Disagree a little
u09,post,Agree a little,Disagree Strongly,Agree a little,Disagree Strongly,Agree a little,Agree strongly,Agree strongly,Agree a little,Neither agree nor disagree,Agree a little,Neither agree nor disagree,Disagree Strongly,Agree a little,Neither agree nor disagree,Agree a little,Agree a little,Agree strongly,Agree a little,Neither agree nor disagree,Agree a little,Agree a little,Agree strongly,Neither agree nor disagree,Agree strongly,Agree a little,Disagree a little,Disagree Strongly,Agree a little,Disagree a little,Neither agree nor disagree,Agree a little,Agree strongly,Agree strongly,Agree strongly,Agree a little,Neither agree nor disagree,Disagree a little,Disagree a little,Disagree a little,Agree strongly,Disagree a little,Agree a little,Agree a little,Disagree a little
u10,post,Disagree Strongly,Agree strongly,Agree strongly,Disagree a little,Agree strongly,Agree strongly,Disagree Strongly,Disagree Strongly,Agree a little,Agree strongly,Agree a little,Agree a little,Agree strongly,Neither agree nor disagree,Agree strongly,Neither agree nor disagree,Disagree Strongly,Disagree Strongly,Agree a little,Agree strongly,Agree strongly,Neither agree nor disagree,Disagree Strongly,Neither agree nor disagree,Agree a little,Agree strongly,Agree strongly,Agree strongly,Agree strongly,Disagree Strongly,Agree a little,Disagree Strongly,Agree strongly,Neither agree nor disagree,Neither agree nor disagree,Disagree Strongly,Agree strongly,Agree strongly,Neither agree nor disagree,Agree a little,Disagree Strongly,Disagree Strongly,Disagree Strongly,Neither agree nor disagree
u14,post,Agree a little,Agree a little,Agree strongly,Disagree Strongly,Agree a little,Neither agree nor disagree,Agree a little,Neither agree nor disagree,Agree a little,Agree strongly,Agree a little,Disagree a little,Agree a little,Agree a little,Neither agree nor disagree,Agree a little,Agree a little,Neither agree nor disagree,Agree a little,Neither agree nor disagree,Agree a little,Agree a little,Neither agree nor disagree,Agree strongly,Agree a little,Neither agree nor disagree,Disagree a little,Agree strongly,Disagree a little,Agree a little,Agree a little,Agree strongly,Agree a little,Agree strongly,Agree a little,Agree a little,Disagree a little,Neither agree nor disagree,Neither agree nor disagree,Agree a little,Agree a little,Agree a little,Neither agree nor disagree,Neither agree nor disagree
u15,post,Agree a little,Disagree Strongly,Agree a little,Disagree Strongly,Agree a little,Neither agree nor disagree,Agree a little,Agree a little,Agree a little,Agree a little,Agree a little,Disagree a little,Agree a little,Neither agree nor disagree,Neither agree nor disagree,Neither agree nor disagree,Agree a little,Agree a little,Neither agree nor disagree,Neither agree nor disagree,Neither agree nor disagree,Agree a little,Agree a little,Agree a little,Agree a little,Agree a little,Agree a little,Agree a little,Neither agree nor disagree,Neither agree nor disagree,Neither agree nor disagree,Neither agree nor disagree,Agree a little,Agree a little,Agree a little,Agree a little,Agree a little,Neither agree nor disagree,Agree a little,Disagree a little,Agree a little,Neither agree nor disagree,Neither agree nor disagree,Disagree a little
u16,post,Disagree Strongly,Neither agree nor disagree,Agree a little,Agree a little,Agree a little,Agree strongly,Neither agree nor disagree,Agree a little,Disagree a little,Agree a little,Neither agree nor disagree,Disagree Strongly,Agree a little,Agree a little,Neither agree nor disagree,Neither agree nor disagree,Agree a little,Disagree a little,Agree strongly,Agree strongly,Agree strongly,Disagree a little,Agree a little,Disagree a little,Neither agree nor disagree,Disagree a little,Agree strongly,Agree strongly,Agree a little,Agree strongly,Agree strongly,Agree a little,Neither agree nor disagree,Neither agree nor disagree,Agree a little,Neither agree nor disagree,Disagree a little,Neither agree nor disagree,Agree a little,Agree strongly,Disagree a little,Agree a little,Agree a little,Neither agree nor disagree
u17,post,Agree strongly,Agree strongly,Agree a little,Agree a little,Agree strongly,Agree strongly,Agree strongly,Agree a little,Disagree a little,Agree strongly,Agree a little,Neither agree nor disagree,Agree a little,Agree strongly,Agree a little,Neither agree nor disagree,Agree strongly,Agree strongly,Agree strongly,Agree strongly,Agree strongly,Agree strongly,Neither agree nor disagree,Disagree a little,Agree strongly,Agree a little,Neither agree nor disagree,Agree strongly,Agree a little,Agree strongly,Disagree a little,Agree strongly,Neither agree nor disagree,Neither agree nor disagree,Agree strongly,Neither agree nor disagree,Neither agree nor disagree,Agree a little,Agree strongly,Agree strongly,Disagree Strongly,Agree a little,Neither agree nor disagree,Agree strongly
u19,post,Disagree Strongly,Disagree a little,Agree strongly,Agree a little,Agree a little,Agree a little,Agree a little,Agree a little,Disagree a little,Agree a little,Agree strongly,Disagree Strongly,Agree a little,Agree a little,Agree a little,Agree a little,Agree a little,Neither agree nor disagree,Agree strongly,Agree a little,Agree strongly,Neither agree nor disagree,Disagree a little,Disagree a little,Agree a little,Disagree Strongly,Agree a little,Agree strongly,Agree a little,Agree a little,Agree strongly,Agree a little,Neither agree nor disagree,Neither agree nor disagree,Agree a little,Disagree a little,Neither agree nor disagree,Agree a little,Agree a little,Agree a little,Disagree a little,Agree a little,Disagree a little,Neither agree nor disagree
u20,post,Neither agree nor disagree,Disagree Strongly,Agree a little,Neither agree nor disagree,Agree a little,Neither agree nor disagree,Disagree a little,Neither agree nor disagree,Neither agree nor disagree,Agree a little,Disagree Strongly,Disagree Strongly,Agree a little,Neither agree nor disagree,Neither agree nor disagree,Agree a little,Agree strongly,Disagree a little,Neither agree nor disagree,Agree strongly,Neither agree nor disagree,Agree strongly,Agree a little,Agree strongly,Agree a little,Agree a little,Disagree Strongly,Neither agree nor disagree,Disagree a little,Neither agree nor disagree,Neither agree nor disagree,Agree a little,Neither agree nor disagree,Agree a little,Agree strongly,Agree strongly,Disagree Strongly,Agree a little,Neither agree nor disagree,Neither agree nor disagree,Agree a little,Neither agree nor disagree,Neither agree nor disagree,Neither agree nor disagree
u24,post,Agree a little,Agree strongly,Neither agree nor disagree,Neither agree nor disagree,Agree strongly,Neither agree nor disagree,Neither agree nor disagree,Agree a little,Neither agree nor disagree,Agree a little,Agree a little,Agree a little,Agree a little,Agree a little,Agree a little,Agree a little,Agree a little,Agree a little,Agree a little,Agree a little,Neither agree nor disagree,Agree strongly,Agree a little,Agree a little,Agree strongly,Agree a little,Disagree a little,Neither agree nor disagree,Neither agree nor disagree,Agree a little,Agree a little,Agree a little,Agree strongly,Agree a little,Disagree a little,Agree a little,Agree a little,Agree a little,Agree a little,Neither agree nor disagree,Disagree a little,Neither agree nor disagree,Agree strongly,Agree strongly
u27,post,Disagree a little,Neither agree nor disagree,Neither agree nor disagree,Neither agree nor disagree,Neither agree nor disagree,Agree strongly,Agree a little,Agree a little,Neither agree nor disagree,Neither agree nor disagree,Disagree a little,Disagree Strongly,Neither agree nor disagree,Disagree a little,Neither agree nor disagree,Neither agree nor disagree,Agree a little,Agree a little,Agree a little,Neither agree nor disagree,Agree a little,Agree a little,Neither agree nor disagree,Neither agree nor disagree,Neither agree nor disagree,Disagree a little,Agree a little,Agree a little,Agree a little,Agree strongly,Agree a little,Agree a little,Neither agree nor disagree,Neither agree nor disagree,Agree strongly,Neither agree nor disagree,Disagree a little,Neither agree nor disagree,Agree a little,Agree a little,Disagree a little,Neither agree nor disagree,Agree a little,Agree a little
u30,post,Agree a little,Disagree a little,Agree strongly,Disagree Strongly,Agree a little,Disagree a little,Agree a little,Disagree a little,Neither agree nor disagree,Agree a little,Agree a little,Disagree Strongly,Agree strongly,Disagree a little,Agree a little,Agree strongly,Neither agree nor disagree,Disagree a little,Disagree a little,Neither agree nor disagree,Disagree a little,Agree a little,Disagree Strongly,Agree a little,Agree a little,Agree a little,Disagree a little,Agree strongly,Neither agree nor disagree,Neither agree nor disagree,Disagree Strongly,Agree a little,Agree a little,Agree a little,Neither agree nor disagree,Agree strongly,Disagree Strongly,Agree strongly,Disagree Strongly,Agree strongly,Neither agree nor disagree,Agree a little,Disagree a little,Neither agree nor disagree
u32,post,Agree strongly,Agree a little,Agree strongly,Disagree Strongly,Agree a little,Neither agree nor disagree,Agree a little,Disagree Strongly,Agree strongly,Agree strongly,Agree a little,Disagree Strongly,Agree strongly,Disagree a little,Agree a little,Agree strongly,Agree a little,Disagree Strongly,Disagree a little,Agree strongly,Disagree a little,Agree a little,Agree a little,Agree strongly,Agree a little,Neither agree nor disagree,Disagree Strongly,Agree strongly,Disagree a little,Agree a little,Disagree a little,Agree a little,Agree strongly,Agree strongly,Neither agree nor disagree,Agree strongly,Disagree Strongly,Agree strongly,Disagree a little,Agree a little,Neither agree nor disagree,Agree strongly,Disagree a little,Disagree a little
u33,post,Agree strongly,Disagree a little,Agree a little,Agree a little,Agree strongly,Disagree a little,Agree a little,Agree a little,Disagree a little,Agree a little,Disagree a little,Disagree Strongly,Disagree a little,Agree a little,Neither agree nor disagree,Neither agree nor disagree,Agree a little,Agree strongly,Agree a little,Agree strongly,Neither agree nor disagree,Agree a little,Agree a little,Neither agree nor disagree,Agree strongly,Agree strongly,Agree strongly,Agree a little,Agree strongly,Agree strongly,Agree strongly,Agree strongly,Neither agree nor disagree,Agree a little,Neither agree nor disagree,Agree a little,Disagree a little,Disagree a little,Agree a little,Agree strongly,Disagree Strongly,Agree a little,Agree strongly,Agree strongly
u34,post,Agree a little,Neither agree nor disagree,Agree a little,Disagree Strongly,Agree a little,Neither agree nor disagree,Agree strongly,Agree a little,Agree a little,Agree a little,Agree a little,Neither agree nor disagree,Agree strongly,Agree a little,Neither agree nor disagree,Agree a little,Agree strongly,Agree a little,Neither agree nor disagree,Agree strongly,Agree a little,Agree strongly,Agree a little,Agree a little,Neither agree nor disagree,Neither agree nor disagree,Disagree a little,Neither agree nor disagree,Agree a little,Disagree a little,Agree a little,Agree strongly,Agree a little,Disagree a little,Neither agree nor disagree,Agree a little,Disagree a little,Disagree a little,Agree a little,Agree a little,Neither agree nor disagree,Agree a little,Disagree a little,Disagree Strongly
u36,post,Agree a little,Disagree Strongly,Agree strongly,Disagree a little,Agree a little,Disagree a little,Agree strongly,Neither agree nor disagree,Agree a little,Agree a little,Agree a little,Disagree Strongly,Agree strongly,Neither agree nor disagree,Agree a little,Agree a little,Disagree Strongly,Disagree Strongly,Disagree a little,Agree a little,Agree a little,Agree strongly,Disagree a little,Agree a little,Agree a little,Agree a little,Disagree Strongly,Agree a little,Disagree a little,Agree a little,Neither agree nor disagree,Agree a little,Agree a little,Neither agree nor disagree,Neither agree nor disagree,Agree a little,Disagree Strongly,Neither agree nor disagree,Disagree a little,Agree a little,Agree a little,Agree a little,Disagree a little,Neither agree nor disagree
u42,post,Agree a little,Disagree Strongly,Disagree a little,Disagree Strongly,Agree a little,Neither agree nor disagree,Agree a little,Agree a little,Agree a little,Agree strongly,Agree strongly,Disagree Strongly,Agree a little,Neither agree nor disagree,Agree strongly,Agree a little,Agree strongly,Neither agree nor disagree,Disagree a little,Neither agree nor disagree,Disagree a little,Agree a little,Agree a little,Neither agree nor disagree,Neither agree nor disagree,Neither agree nor disagree,Disagree a little,Disagree a little,Disagree a little,Disagree a little,Disagree a little,Agree a little,Agree a little,Agree a little,Neither agree nor disagree,Neither agree nor disagree,Disagree a little,Disagree a little,Disagree a little,Agree a little,Disagree a little,Agree a little,Disagree a little,Agree a little
u43,post,Disagree a little,Disagree a little,Agree strongly,Disagree a little,Agree a little,Agree a little,Neither agree nor disagree,Disagree a little,Agree a little,Agree a little,Agree a little,Disagree Strongly,Agree strongly,Disagree a little,Agree a little,Disagree a little,Agree a little,Disagree a little,Disagree a little,Neither agree nor disagree,Agree a little,Agree a little,Neither agree nor disagree,Agree a little,Agree a little,Disagree a little,Disagree a little,Agree strongly,Neither agree nor disagree,Disagree a little,Agree a little,Agree a little,Agree a little,Agree a little,Neither agree nor disagree,Disagree a little,Disagree Strongly,Agree a little,Neither agree nor disagree,Agree a little,Agree a little,Agree strongly,Neither agree nor disagree,Disagree a little
u44,post,Disagree a little,Neither agree nor disagree,Agree a little,Neither agree nor disagree,Agree a little,Agree a little,Agree a little,Agree a little,Neither agree nor disagree,Agree a little,Agree a little,Disagree a little,Agree a little,Agree a little,Agree a little,Agree a little,Agree a little,Disagree a little,Neither agree nor disagree,Agree a little,Agree a little,Agree a little,Neither agree nor disagree,Neither agree nor disagree,Disagree a little,Neither agree nor disagree,Agree a little,Agree a little,Agree a little,Agree a little,Agree a little,Neither agree nor disagree,Agree a little,Neither agree nor disagree,Agree a little,Neither agree nor disagree,Agree a little,Neither agree nor disagree,Neither agree nor disagree,Agree a little,Neither agree nor disagree,Agree a little,Neither agree nor disagree,Disagree a little
u45,post,Agree a little,Agree a little,Agree a little,Disagree a little,Agree a little,Neither agree nor disagree,Agree strongly,Neither agree nor disagree,Agree a little,Agree strongly,Agree strongly,Neither agree nor disagree,Agree a little,Disagree a little,Disagree a little,Agree a little,Agree strongly,Disagree a little,Disagree a little,Agree a little,Agree a little,Agree a little,Neither agree nor disagree,Disagree a little,Disagree a little,Disagree a little,Neither agree nor disagree,Neither agree nor disagree,Agree a little,Agree strongly,Disagree a little,Agree a little,Agree a little,Agree a little,Neither agree nor disagree,Agree a little,Disagree a little,Agree a little,Disagree a little,Neither agree nor disagree,Disagree a little,Neither agree nor disagree,Disagree a little,Neither agree nor disagree
u47,post,Agree a little,Disagree a little,Agree a little,Disagree Strongly,Agree strongly,Neither agree nor disagree,Agree a little,Disagree a little,Neither agree nor disagree,Neither agree nor disagree,Disagree a little,Agree a little,Disagree a little,Disagree a little,Agree strongly,Agree strongly,Neither agree nor disagree,Disagree Strongly,Disagree a little,Agree strongly,Disagree Strongly,Agree strongly,Disagree Strongly,Agree strongly,Agree strongly,Agree a little,Neither agree nor disagree,Disagree a little,Disagree a little,Neither agree nor disagree,Disagree a little,Neither agree nor disagree,Disagree a little,Neither agree nor disagree,Disagree a little,Disagree a little,Neither agree nor disagree,Agree strongly,Disagree Strongly,Neither agree nor disagree,Disagree a little,Neither agree nor disagree,Disagree a little,Neither agree nor disagree
u49,post,Agree a little,Neither agree nor disagree,Agree strongly,Disagree Strongly,Agree strongly,Agree a little,Agree a little,Agree a little,Agree strongly,Agree strongly,Agree a little,Disagree Strongly,Agree strongly,Agree a little,Agree strongly,Agree strongly,Agree strongly,Agree a little,Disagree a little,Agree strongly,Agree strongly,Agree strongly,Agree a little,Agree strongly,Agree strongly,Neither agree nor disagree,Disagree a little,Agree strongly,Disagree a little,Agree strongly,Agree a little,Agree a little,Agree a little,Neither agree nor disagree,Neither agree nor disagree,Agree a little,Disagree a little,Agree a little,Neither agree nor disagree,Agree strongly,Agree a little,Agree strongly,Disagree a little,Agree strongly
u51,post,Disagree a little,Neither agree nor disagree,Agree a little,Disagree a little,Agree a little,Neither agree nor disagree,Agree a little,Agree a little,Agree a little,Agree a little,Agree a little,Disagree Strongly,Agree a little,Agree a little,Agree a little,Agree a little,Neither agree nor disagree,Disagree a little,Disagree a little,Agree a little,Agree a little,Agree a little,Neither agree nor disagree,Agree a little,Agree a little,Neither agree nor disagree,Disagree a little,Agree a little,Disagree a little,Agree a little,Neither agree nor disagree,Neither agree nor disagree,Agree a little,Agree a little,Disagree a little,Neither agree nor disagree,Disagree a little,Agree a little,Disagree a little,Agree a little,Agree a little,Agree a little,Disagree a little,Neither agree nor disagree
u52,post,Disagree Strongly,Agree a little,Agree a little,Agree strongly,Disagree a little,Agree strongly,Neither agree nor disagree,Neither agree nor disagree,Disagree Strongly,Agree strongly,Neither agree nor disagree,Disagree Strongly,Neither agree nor disagree,Agree strongly,Agree strongly,Neither agree nor disagree,Agree strongly,Disagree Strongly,Agree strongly,Agree strongly,Agree strongly,Disagree Strongly,Agree strongly,Disagree Strongly,Disagree Strongly,Neither agree nor disagree,Agree strongly,Agree a little,Agree strongly,Neither agree nor disagree,Agree strongly,Neither agree nor disagree,Disagree a little,Neither agree nor disagree,Neither agree nor disagree,Neither agree nor disagree,Neither agree nor disagree,Disagree Strongly,Agree strongly,Agree strongly,Agree strongly,Neither agree nor disagree,Agree strongly,Disagree Strongly
u53,post,Agree a little,Agree a little,Agree strongly,Disagree a little,Agree strongly,Agree a little,Agree a little,Agree a little,Disagree Strongly,Neither agree nor disagree,Disagree a little,Disagree Strongly,Agree strongly,Agree strongly,Agree a little,Disagree a little,Agree strongly,Agree strongly,Agree strongly,Agree strongly,Agree a little,Agree a little,Neither agree nor disagree,Disagree a little,Agree a little,Disagree a little,Neither agree nor disagree,Agree a little,Agree strongly,Agree strongly,Agree strongly,Agree a little,Neither agree nor disagree,Disagree a little,Disagree a little,Neither agree nor disagree,Neither agree nor disagree,Neither agree nor disagree,Agree strongly,Agree strongly,Disagree a little,Agree a little,Agree strongly,Agree strongly
u54,post,Neither agree nor disagree,Disagree a little,Neither agree nor disagree,Disagree a little,Neither agree nor disagree,Neither agree nor disagree,Agree a little,Neither agree nor disagree,Neither agree nor disagree,Agree a little,Neither agree nor disagree,Neither agree nor disagree,Neither agree nor disagree,Neither agree nor disagree,Neither agree nor disagree,Neither agree nor disagree,Neither agree nor disagree,Neither agree nor disagree,Neither agree nor disagree,Neither agree nor disagree,Neither agree nor disagree,Neither agree nor disagree,Disagree a little,Neither agree nor disagree,Neither agree nor disagree,Neither agree nor disagree,Disagree a little,Neither agree nor disagree,Disagree a little,Neither agree nor disagree,Neither agree nor disagree,Neither agree nor disagree,Neither agree nor disagree,Neither agree nor disagree,Neither agree nor disagree,Neither agree nor disagree,Neither agree nor disagree,Neither agree nor disagree,Neither agree nor disagree,Neither agree nor disagree,Neither agree nor disagree,Neither agree nor disagree,Neither agree nor disagree,Neither agree nor disagree
u56,post,Disagree Strongly,Disagree a little,Agree a little,Disagree Strongly,Agree a little,Agree strongly,Agree a little,Neither agree nor disagree,Neither agree nor disagree,Agree a little,Disagree a little,Disagree Strongly,Agree a little,Neither agree nor disagree,Agree a little,Disagree a little,Agree a little,Agree a little,Disagree a little,Neither agree nor disagree,Agree strongly,Agree a little,Neither agree nor disagree,Agree a little,Agree a little,Disagree a little,Neither agree nor disagree,Agree a little,Neither agree nor disagree,Agree strongly,Agree strongly,Agree strongly,Agree a little,Agree a little,Disagree a little,Disagree a little,Disagree a little,Neither agree nor disagree,Neither agree nor disagree,Agree strongly,Disagree a little,Neither agree nor disagree,Neither agree nor disagree,Neither agree nor disagree
u59,post,Agree strongly,Disagree a little,Agree a little,Disagree a little,Neither agree nor disagree,Agree a little,Agree a little,Agree a little,Agree a little,Agree strongly,Agree a little,Disagree Strongly,Agree a little,Neither agree nor disagree,Neither agree nor disagree,Agree strongly,Agree a little,Neither agree nor disagree,Agree a little,Agree a little,Disagree a little,Agree strongly,Agree strongly,Agree a little,Neither agree nor disagree,Agree a little,Disagree a little,Agree a little,Agree a little,Agree a little,Agree a little,Agree a little,Agree a little,Agree a little,Agree a little,Agree strongly,Neither agree nor disagree,Neither agree nor disagree,Agree strongly,Neither agree nor disagree,Agree a little,Agree a little,Agree strongly,Neither agree nor disagree
